Model,RMSE,MAE
Global Avg,1.0820577055559708,0.8351421604406448
User-CF,1.0839,0.82
SVD,0.9548,0.7378
